[{"id":32,"name":"Stone Edge","type":"Rock","damage":80,"duration":3100,"energy":100,"dps":25.8},
{"id":28,"name":"Cross Chop","type":"Fighting","damage":60,"duration":2000,"energy":100,"dps":30.0},
{"id":83,"name":"Dragon Claw","type":"Dragon","damage":35,"duration":1500,"energy":50,"dps":23.33},
{"id":40,"name":"Blizzard","type":"Ice","damage":100,"duration":3900,"energy":100,"dps":25.64},
{"id":131,"name":"Body Slam","type":"Normal","damage":40,"duration":1560,"energy":50,"dps":25.64},
{"id":22,"name":"Megahorn","type":"Bug","damage":80,"duration":3200,"energy":100,"dps":25.0},
{"id":122,"name":"Hurricane","type":"Flying","damage":80,"duration":3200,"energy":100,"dps":25.0},
{"id":116,"name":"Solar Beam","type":"Grass","damage":120,"duration":4900,"energy":100,"dps":24.48},
{"id":103,"name":"Fire Blast","type":"Fire","damage":100,"duration":4100,"energy":100,"dps":24.39},
{"id":14,"name":"Hyper Beam","type":"Normal","damage":120,"duration":5000,"energy":100,"dps":24.0},
{"id":31,"name":"Earthquake","type":"Ground","damage":100,"duration":4200,"energy":100,"dps":23.8},
{"id":118,"name":"Power Whip","type":"Grass","damage":70,"duration":2800,"energy":100,"dps":25.0},
{"id":107,"name":"Hydro Pump","type":"Water","damage":90,"duration":3800,"energy":100,"dps":23.68},
{"id":117,"name":"Leaf Blade","type":"Grass","damage":55,"duration":2800,"energy":50,"dps":19.64},
{"id":78,"name":"Thunder","type":"Electric","damage":100,"duration":4300,"energy":100,"dps":23.25},
{"id":123,"name":"Brick Break","type":"Fighting","damage":30,"duration":1600,"energy":33,"dps":18.75},
{"id":92,"name":"Gunk Shot","type":"Poison","damage":65,"duration":3000,"energy":100,"dps":21.66},
{"id":90,"name":"Sludge Bomb","type":"Poison","damage":55,"duration":2600,"energy":50,"dps":21.15},
{"id":42,"name":"Heat Wave","type":"Fire","damage":80,"duration":3800,"energy":100,"dps":21.05},
{"id":87,"name":"Moonblast","type":"Fairy","damage":85,"duration":4100,"energy":100,"dps":20.73},
{"id":91,"name":"Sludge Wave","type":"Poison","damage":70,"duration":3400,"energy":100,"dps":20.58},
{"id":79,"name":"Thunderbolt","type":"Electric","damage":55,"duration":2700,"energy":50,"dps":20.37},
{"id":47,"name":"Petal Blizzard","type":"Grass","damage":65,"duration":3200,"energy":50,"dps":20.31},
{"id":89,"name":"Cross Poison","type":"Poison","damage":25,"duration":1500,"energy":25,"dps":16.66},
{"id":108,"name":"Psychic","type":"Psychic","damage":55,"duration":2800,"energy":50,"dps":19.64},
{"id":58,"name":"Aqua Tail","type":"Water","damage":45,"duration":2350,"energy":50,"dps":19.14},
{"id":24,"name":"Flamethrower","type":"Fire","damage":55,"duration":2900,"energy":50,"dps":18.96},
{"id":88,"name":"Play Rough","type":"Fairy","damage":55,"duration":2900,"energy":50,"dps":18.96},
{"id":82,"name":"Dragon Pulse","type":"Dragon","damage":65,"duration":3600,"energy":50,"dps":18.05},
{"id":39,"name":"Ice Beam","type":"Ice","damage":65,"duration":3650,"energy":50,"dps":17.8},
{"id":49,"name":"Bug Buzz","type":"Bug","damage":75,"duration":4250,"energy":50,"dps":17.64},
{"id":46,"name":"Drill Run","type":"Ground","damage":50,"duration":3400,"energy":33,"dps":14.7},
{"id":59,"name":"Seed Bomb","type":"Grass","damage":40,"duration":2400,"energy":33,"dps":16.66},
{"id":77,"name":"Thunder Punch","type":"Electric","damage":40,"duration":2400,"energy":33,"dps":16.66},
{"id":100,"name":"X Scissor","type":"Bug","damage":35,"duration":2100,"energy":33,"dps":16.66},
{"id":129,"name":"Hyper Fang","type":"Normal","damage":35,"duration":2100,"energy":33,"dps":16.66},
{"id":64,"name":"Rock Slide","type":"Rock","damage":50,"duration":3200,"energy":33,"dps":15.62},
{"id":94,"name":"Bone Club","type":"Ground","damage":25,"duration":1600,"energy":25,"dps":15.62},
{"id":36,"name":"Flash Cannon","type":"Steel","damage":60,"duration":3900,"energy":33,"dps":15.38},
{"id":74,"name":"Iron Head","type":"Steel","damage":30,"duration":2000,"energy":33,"dps":15.0},
{"id":38,"name":"Drill Peck","type":"Flying","damage":40,"duration":2700,"energy":33,"dps":14.81},
{"id":60,"name":"Psyshock","type":"Psychic","damage":40,"duration":2700,"energy":33,"dps":14.81},
{"id":70,"name":"Shadow Ball","type":"Ghost","damage":45,"duration":3080,"energy":33,"dps":14.61},
{"id":99,"name":"Signal Beam","type":"Bug","damage":45,"duration":3100,"energy":33,"dps":14.51},
{"id":115,"name":"Fire Punch","type":"Fire","damage":40,"duration":2800,"energy":33,"dps":14.28},
{"id":54,"name":"Submission","type":"Fighting","damage":30,"duration":2100,"energy":33,"dps":14.28},
{"id":102,"name":"Flame Burst","type":"Fire","damage":30,"duration":2100,"energy":25,"dps":14.28},
{"id":127,"name":"Stomp","type":"Normal","damage":30,"duration":2100,"energy":25,"dps":14.28},
{"id":35,"name":"Discharge","type":"Electric","damage":35,"duration":2500,"energy":33,"dps":14.0},
{"id":65,"name":"Power Gem","type":"Rock","damage":40,"duration":2900,"energy":33,"dps":13.79},
{"id":106,"name":"Scald","type":"Water","damage":55,"duration":4000,"energy":33,"dps":13.75},
{"id":109,"name":"Psystrike","type":"Psychic","damage":70,"duration":5100,"energy":100,"dps":13.72},
{"id":56,"name":"Low Sweep","type":"Fighting","damage":30,"duration":2250,"energy":25,"dps":13.33},
{"id":51,"name":"Night Slash","type":"Dark","damage":30,"duration":2700,"energy":25,"dps":11.11},
{"id":86,"name":"Dazzling Gleam","type":"Fairy","damage":55,"duration":4200,"energy":33,"dps":13.09},
{"id":16,"name":"Dark Pulse","type":"Dark","damage":45,"duration":3500,"energy":33,"dps":12.85},
{"id":33,"name":"Ice Punch","type":"Ice","damage":45,"duration":3500,"energy":33,"dps":12.85},
{"id":26,"name":"Dig","type":"Ground","damage":70,"duration":5800,"energy":33,"dps":12.06},
{"id":20,"name":"Vice Grip","type":"Normal","damage":25,"duration":2100,"energy":20,"dps":11.9},
{"id":18,"name":"Sludge","type":"Poison","damage":30,"duration":2600,"energy":25,"dps":11.53},
{"id":96,"name":"Mud Bomb","type":"Ground","damage":30,"duration":2600,"energy":25,"dps":11.53},
{"id":126,"name":"Horn Attack","type":"Normal","damage":25,"duration":2200,"energy":25,"dps":11.36},
{"id":121,"name":"Air Cutter","type":"Flying","damage":30,"duration":3300,"energy":25,"dps":9.09},
{"id":132,"name":"Rest","type":"Normal","damage":35,"duration":3100,"energy":33,"dps":11.29},
{"id":72,"name":"Magnet Bomb","type":"Steel","damage":30,"duration":2800,"energy":25,"dps":10.71},
{"id":57,"name":"Aqua Jet","type":"Water","damage":25,"duration":2350,"energy":20,"dps":10.63},
{"id":105,"name":"Water Pulse","type":"Water","damage":35,"duration":3300,"energy":25,"dps":10.6},
{"id":30,"name":"Psybeam","type":"Psychic","damage":40,"duration":3800,"energy":25,"dps":10.52},
{"id":63,"name":"Rock Tomb","type":"Rock","damage":30,"duration":3400,"energy":25,"dps":8.82},
{"id":50,"name":"Poison Fang","type":"Poison","damage":25,"duration":2400,"energy":20,"dps":10.41},
{"id":104,"name":"Brine","type":"Water","damage":25,"duration":2400,"energy":25,"dps":10.41},
{"id":45,"name":"Aerial Ace","type":"Flying","damage":30,"duration":2900,"energy":25,"dps":10.34},
{"id":53,"name":"Bubble Beam","type":"Water","damage":30,"duration":2900,"energy":25,"dps":10.34},
{"id":95,"name":"Bulldoze","type":"Ground","damage":35,"duration":3400,"energy":25,"dps":10.29},
{"id":125,"name":"Swift","type":"Normal","damage":30,"duration":3000,"energy":25,"dps":10.0},
{"id":62,"name":"Ancient Power","type":"Rock","damage":35,"duration":3600,"energy":25,"dps":9.72},
{"id":114,"name":"Giga Drain","type":"Grass","damage":35,"duration":3600,"energy":33,"dps":9.72},
{"id":69,"name":"Ominous Wind","type":"Ghost","damage":30,"duration":3100,"energy":25,"dps":9.67},
{"id":67,"name":"Shadow Punch","type":"Ghost","damage":20,"duration":2100,"energy":25,"dps":9.52},
{"id":80,"name":"Twister","type":"Dragon","damage":25,"duration":2700,"energy":20,"dps":9.25},
{"id":85,"name":"Draining Kiss","type":"Fairy","damage":25,"duration":2800,"energy":20,"dps":8.92},
{"id":21,"name":"Flame Wheel","type":"Fire","damage":40,"duration":4600,"energy":25,"dps":8.69},
{"id":133,"name":"Struggle","type":"Normal","damage":15,"duration":1695,"energy":20,"dps":8.84},
{"id":101,"name":"Flame Charge","type":"Fire","damage":25,"duration":3100,"energy":20,"dps":8.06},
{"id":34,"name":"Heart Stamp","type":"Psychic","damage":20,"duration":2550,"energy":25,"dps":7.84},
{"id":75,"name":"Parabolic Charge","type":"Electric","damage":15,"duration":2100,"energy":20,"dps":7.14},
{"id":111,"name":"Icy Wind","type":"Ice","damage":25,"duration":3800,"energy":20,"dps":6.57},
{"id":84,"name":"Disarming Voice","type":"Fairy","damage":25,"duration":3900,"energy":20,"dps":6.41},
{"id":13,"name":"Wrap","type":"Normal","damage":25,"duration":4000,"energy":20,"dps":6.25},
{"id":66,"name":"Shadow Sneak","type":"Ghost","damage":15,"duration":3100,"energy":20,"dps":4.83},
{"id":48,"name":"Mega Drain","type":"Grass","damage":15,"duration":3200,"energy":20,"dps":4.68}]
