[{"id":222,"name":"Pound","type":"Normal","damage":7,"duration":540,"energy":7,"dps":12.96},
{"id":228,"name":"Metal Claw","type":"Steel","damage":8,"duration":630,"energy":7,"dps":12.69},
{"id":226,"name":"Psycho Cut","type":"Psychic","damage":7,"duration":570,"energy":7,"dps":12.28},
{"id":210,"name":"Wing Attack","type":"Flying","damage":9,"duration":750,"energy":7,"dps":12.0},
{"id":202,"name":"Bite","type":"Dark","damage":6,"duration":500,"energy":7,"dps":12.0},
{"id":204,"name":"Dragon Breath","type":"Dragon","damage":6,"duration":500,"energy":7,"dps":12.0},
{"id":220,"name":"Scratch","type":"Normal","damage":6,"duration":500,"energy":7,"dps":12.0},
{"id":230,"name":"Water Gun","type":"Water","damage":6,"duration":500,"energy":7,"dps":12.0},
{"id":240,"name":"Fire Fang","type":"Fire","damage":10,"duration":840,"energy":4,"dps":11.9},
{"id":213,"name":"Shadow Claw","type":"Ghost","damage":11,"duration":950,"energy":7,"dps":11.57},
{"id":238,"name":"Feint Attack","type":"Dark","damage":12,"duration":1040,"energy":7,"dps":11.53},
{"id":224,"name":"Poison Jab","type":"Poison","damage":12,"duration":1050,"energy":7,"dps":11.42},
{"id":234,"name":"Zen Headbutt","type":"Psychic","damage":12,"duration":1050,"energy":4,"dps":11.42},
{"id":239,"name":"Steel Wing","type":"Steel","damage":15,"duration":1330,"energy":4,"dps":11.27},
{"id":201,"name":"Bug Bite","type":"Bug","damage":5,"duration":450,"energy":7,"dps":11.11},
{"id":218,"name":"Frost Breath","type":"Ice","damage":9,"duration":810,"energy":7,"dps":11.11},
{"id":233,"name":"Mud Slap","type":"Ground","damage":15,"duration":1350,"energy":9,"dps":11.11},
{"id":216,"name":"Mud Shot","type":"Ground","damage":6,"duration":550,"energy":7,"dps":10.9},
{"id":221,"name":"Tackle","type":"Normal","damage":12,"duration":1100,"energy":7,"dps":10.9},
{"id":237,"name":"Bubble","type":"Water","damage":25,"duration":2300,"energy":15,"dps":10.86},
{"id":214,"name":"Vine Whip","type":"Grass","damage":7,"duration":650,"energy":7,"dps":10.76},
{"id":217,"name":"Ice Shard","type":"Ice","damage":15,"duration":1400,"energy":7,"dps":10.71},
{"id":241,"name":"Rock Smash","type":"Fighting","damage":15,"duration":1410,"energy":7,"dps":10.63},
{"id":223,"name":"Cut","type":"Normal","damage":12,"duration":1130,"energy":7,"dps":10.61},
{"id":236,"name":"Poison Sting","type":"Poison","damage":6,"duration":575,"energy":4,"dps":10.43},
{"id":215,"name":"Razor Leaf","type":"Grass","damage":15,"duration":1450,"energy":7,"dps":10.34},
{"id":212,"name":"Lick","type":"Ghost","damage":5,"duration":500,"energy":7,"dps":10.0},
{"id":206,"name":"Spark","type":"Electric","damage":7,"duration":700,"energy":4,"dps":10.0},
{"id":203,"name":"Sucker Punch","type":"Dark","damage":7,"duration":700,"energy":4,"dps":10.0},
{"id":235,"name":"Confusion","type":"Psychic","damage":15,"duration":1510,"energy":7,"dps":9.93},
{"id":225,"name":"Acid","type":"Poison","damage":10,"duration":1050,"energy":7,"dps":9.52},
{"id":209,"name":"Ember","type":"Fire","damage":10,"duration":1050,"energy":7,"dps":9.52},
{"id":227,"name":"Rock Throw","type":"Rock","damage":12,"duration":1360,"energy":7,"dps":8.82},
{"id":211,"name":"Peck","type":"Flying","damage":10,"duration":1150,"energy":10,"dps":8.69},
{"id":207,"name":"Low Kick","type":"Fighting","damage":5,"duration":600,"energy":7,"dps":8.33},
{"id":205,"name":"Thunder Shock","type":"Electric","damage":5,"duration":600,"energy":7,"dps":8.33},
{"id":229,"name":"Bullet Punch","type":"Steel","damage":10,"duration":1200,"energy":7,"dps":8.33},
{"id":219,"name":"Quick Attack","type":"Normal","damage":10,"duration":1330,"energy":7,"dps":7.51},
{"id":200,"name":"Fury Cutter","type":"Bug","damage":3,"duration":400,"energy":12,"dps":7.5},
{"id":208,"name":"Karate Chop","type":"Fighting","damage":6,"duration":800,"energy":7,"dps":7.5},
{"id":231,"name":"Splash","type":"Water","damage":0,"duration":1230,"energy":7,"dps":0.0}]